{"p_x": 2.2, "p_y": 2.0, "orien_z": -0.13052619222005157, "orien_w": 0.9914448613738104}