{"p_x": 0.1160747037801082, "p_y": -0.0038383196417283716, "orien_z": -0.11645735744448235, "orien_w": 0.9931956926492623}